"Method","H0","H1","H2"
"1","Light trap",36,4.21319235501173,2.40996951058528
"2","Hop",22,9.36219563256675,6.13489215427039
"3","Box",17,8.58281161107863,6.07293447293447
